{
  "Reviews" : {
    "transaction" : "Reviews",
    "sampleCount" : 10,
    "errorCount" : 0,
    "errorPct" : 0.0,
    "meanResTime" : 15258.199999999997,
    "medianResTime" : 14274.0,
    "minResTime" : 8847.0,
    "maxResTime" : 23228.0,
    "pct1ResTime" : 23195.3,
    "pct2ResTime" : 23228.0,
    "pct3ResTime" : 23228.0,
    "throughput" : 0.37963630841653695,
    "receivedKBytesPerSec" : 491.9891919322539,
    "sentKBytesPerSec" : 0.14421730856839146
  },
  "Resources-2" : {
    "transaction" : "Resources-2",
    "sampleCount" : 10,
    "errorCount" : 0,
    "errorPct" : 0.0,
    "meanResTime" : 865.4000000000001,
    "medianResTime" : 662.0,
    "minResTime" : 268.0,
    "maxResTime" : 2067.0,
    "pct1ResTime" : 2006.8000000000002,
    "pct2ResTime" : 2067.0,
    "pct3ResTime" : 2067.0,
    "throughput" : 2.73224043715847,
    "receivedKBytesPerSec" : 606.7342789446722,
    "sentKBytesPerSec" : 0.34953466530054644
  },
  "Reviews-2" : {
    "transaction" : "Reviews-2",
    "sampleCount" : 10,
    "errorCount" : 0,
    "errorPct" : 0.0,
    "meanResTime" : 14592.5,
    "medianResTime" : 13528.5,
    "minResTime" : 7920.0,
    "maxResTime" : 23136.0,
    "pct1ResTime" : 22966.5,
    "pct2ResTime" : 23136.0,
    "pct3ResTime" : 23136.0,
    "throughput" : 0.39348390650822385,
    "receivedKBytesPerSec" : 509.43892576434246,
    "sentKBytesPerSec" : 0.04956974994097741
  },
  "Resources-1" : {
    "transaction" : "Resources-1",
    "sampleCount" : 10,
    "errorCount" : 0,
    "errorPct" : 0.0,
    "meanResTime" : 470.4,
    "medianResTime" : 521.5,
    "minResTime" : 44.0,
    "maxResTime" : 815.0,
    "pct1ResTime" : 813.9,
    "pct2ResTime" : 815.0,
    "pct3ResTime" : 815.0,
    "throughput" : 5.458515283842795,
    "receivedKBytesPerSec" : 2.3587822393558953,
    "sentKBytesPerSec" : 0.7036367358078602
  },
  "Total" : {
    "transaction" : "Total",
    "sampleCount" : 110,
    "errorCount" : 0,
    "errorPct" : 0.0,
    "meanResTime" : 3289.190909090909,
    "medianResTime" : 865.0,
    "minResTime" : 42.0,
    "maxResTime" : 23228.0,
    "pct1ResTime" : 13817.200000000006,
    "pct2ResTime" : 16364.15,
    "pct3ResTime" : 23217.88,
    "throughput" : 3.8299502106472616,
    "receivedKBytesPerSec" : 1247.7781256528324,
    "sentKBytesPerSec" : 0.6990747188468368
  },
  "Resources-0" : {
    "transaction" : "Resources-0",
    "sampleCount" : 10,
    "errorCount" : 0,
    "errorPct" : 0.0,
    "meanResTime" : 45.4,
    "medianResTime" : 43.0,
    "minResTime" : 42.0,
    "maxResTime" : 55.0,
    "pct1ResTime" : 55.0,
    "pct2ResTime" : 55.0,
    "pct3ResTime" : 55.0,
    "throughput" : 5.63063063063063,
    "receivedKBytesPerSec" : 3.1837257179054053,
    "sentKBytesPerSec" : 0.7258234797297297
  },
  "Reviews-1" : {
    "transaction" : "Reviews-1",
    "sampleCount" : 10,
    "errorCount" : 0,
    "errorPct" : 0.0,
    "meanResTime" : 510.1,
    "medianResTime" : 464.0,
    "minResTime" : 42.0,
    "maxResTime" : 1131.0,
    "pct1ResTime" : 1126.5,
    "pct2ResTime" : 1131.0,
    "pct3ResTime" : 1131.0,
    "throughput" : 3.1635558367605188,
    "receivedKBytesPerSec" : 2.2055297967415375,
    "sentKBytesPerSec" : 0.4016232995887377
  },
  "Resources" : {
    "transaction" : "Resources",
    "sampleCount" : 10,
    "errorCount" : 0,
    "errorPct" : 0.0,
    "meanResTime" : 1381.8000000000002,
    "medianResTime" : 1310.0,
    "minResTime" : 789.0,
    "maxResTime" : 2220.0,
    "pct1ResTime" : 2213.8,
    "pct2ResTime" : 2220.0,
    "pct3ResTime" : 2220.0,
    "throughput" : 2.5290844714213456,
    "receivedKBytesPerSec" : 564.143410944613,
    "sentKBytesPerSec" : 0.975574576378351
  },
  "Reviews-0" : {
    "transaction" : "Reviews-0",
    "sampleCount" : 10,
    "errorCount" : 0,
    "errorPct" : 0.0,
    "meanResTime" : 155.1,
    "medianResTime" : 45.0,
    "minResTime" : 42.0,
    "maxResTime" : 329.0,
    "pct1ResTime" : 328.9,
    "pct2ResTime" : 329.0,
    "pct3ResTime" : 329.0,
    "throughput" : 3.168567807351077,
    "receivedKBytesPerSec" : 1.7854136961343472,
    "sentKBytesPerSec" : 0.4022595849176172
  },
  "Home" : {
    "transaction" : "Home",
    "sampleCount" : 10,
    "errorCount" : 0,
    "errorPct" : 0.0,
    "meanResTime" : 1451.7,
    "medianResTime" : 1363.5,
    "minResTime" : 1006.0,
    "maxResTime" : 2745.0,
    "pct1ResTime" : 2629.0000000000005,
    "pct2ResTime" : 2745.0,
    "pct3ResTime" : 2745.0,
    "throughput" : 3.0571690614490983,
    "receivedKBytesPerSec" : 834.1814190996637,
    "sentKBytesPerSec" : 0.728466065423418
  },
  "Home-0" : {
    "transaction" : "Home-0",
    "sampleCount" : 10,
    "errorCount" : 0,
    "errorPct" : 0.0,
    "meanResTime" : 129.4,
    "medianResTime" : 88.0,
    "minResTime" : 83.0,
    "maxResTime" : 337.0,
    "pct1ResTime" : 321.50000000000006,
    "pct2ResTime" : 337.0,
    "pct3ResTime" : 337.0,
    "throughput" : 11.235955056179774,
    "receivedKBytesPerSec" : 6.24341643258427,
    "sentKBytesPerSec" : 1.3386587078651686
  },
  "Home-1" : {
    "transaction" : "Home-1",
    "sampleCount" : 10,
    "errorCount" : 0,
    "errorPct" : 0.0,
    "meanResTime" : 1321.1,
    "medianResTime" : 1275.0,
    "minResTime" : 918.0,
    "maxResTime" : 2408.0,
    "pct1ResTime" : 2309.9000000000005,
    "pct2ResTime" : 2408.0,
    "pct3ResTime" : 2408.0,
    "throughput" : 3.2393909944930352,
    "receivedKBytesPerSec" : 882.1026178328474,
    "sentKBytesPerSec" : 0.38594306770327175
  }
}