{
  "Total" : {
    "transaction" : "Total",
    "sampleCount" : 50,
    "errorCount" : 0,
    "errorPct" : 0.0,
    "meanResTime" : 3323.300000000001,
    "medianResTime" : 3230.0,
    "minResTime" : 255.0,
    "maxResTime" : 9449.0,
    "pct1ResTime" : 6899.2,
    "pct2ResTime" : 7206.399999999999,
    "pct3ResTime" : 9449.0,
    "throughput" : 2.49513448774889,
    "receivedKBytesPerSec" : 1820.8997338003392,
    "sentKBytesPerSec" : 0.2899619180098807
  },
  "HTTP Request" : {
    "transaction" : "HTTP Request",
    "sampleCount" : 50,
    "errorCount" : 0,
    "errorPct" : 0.0,
    "meanResTime" : 3323.300000000001,
    "medianResTime" : 3230.0,
    "minResTime" : 255.0,
    "maxResTime" : 9449.0,
    "pct1ResTime" : 6899.2,
    "pct2ResTime" : 7206.399999999999,
    "pct3ResTime" : 9449.0,
    "throughput" : 2.49513448774889,
    "receivedKBytesPerSec" : 1820.8997338003392,
    "sentKBytesPerSec" : 0.2899619180098807
  }
}